-- select cod_ministro, nom_ministro from stf.ministros where dat_afast_ministro is null;
Insert into DISTRIBUICAO.MINISTRO (COD_MINISTRO,NOM_MINISTRO) values ('1','MINISTRO PRESIDENTE');
Insert into DISTRIBUICAO.MINISTRO (COD_MINISTRO,NOM_MINISTRO) values ('28','MIN. CELSO DE MELLO');
Insert into DISTRIBUICAO.MINISTRO (COD_MINISTRO,NOM_MINISTRO) values ('30','MIN. MARCO AURÉLIO');
Insert into DISTRIBUICAO.MINISTRO (COD_MINISTRO,NOM_MINISTRO) values ('36','MIN. GILMAR MENDES');
Insert into DISTRIBUICAO.MINISTRO (COD_MINISTRO,NOM_MINISTRO) values ('41','MIN. RICARDO LEWANDOWSKI');
Insert into DISTRIBUICAO.MINISTRO (COD_MINISTRO,NOM_MINISTRO) values ('42','MIN. CÁRMEN LÚCIA');
Insert into DISTRIBUICAO.MINISTRO (COD_MINISTRO,NOM_MINISTRO) values ('44','MIN. DIAS TOFFOLI');
Insert into DISTRIBUICAO.MINISTRO (COD_MINISTRO,NOM_MINISTRO) values ('45','MIN. LUIZ FUX');
Insert into DISTRIBUICAO.MINISTRO (COD_MINISTRO,NOM_MINISTRO) values ('46','MIN. ROSA WEBER');
Insert into DISTRIBUICAO.MINISTRO (COD_MINISTRO,NOM_MINISTRO) values ('47','MIN. TEORI ZAVASCKI');
Insert into DISTRIBUICAO.MINISTRO (COD_MINISTRO,NOM_MINISTRO) values ('48','MIN. ROBERTO BARROSO');
Insert into DISTRIBUICAO.MINISTRO (COD_MINISTRO,NOM_MINISTRO) values ('49','MIN. EDSON FACHIN');

-- SELECT cod_tipo_peca_processual seq_tipo_documento, dsc_tipo_peca_processual nom_tipo_documento FROM judiciario.tipo_peca_processual WHERE flg_ativo = 'S' AND EXISTS (SELECT 1 FROM judiciario.tipo_peca_processual_classe WHERE flg_admite_peticionador_web = 'S' AND sig_classe IN (SELECT sig_classe FROM judiciario.classe WHERE flg_ativo = 'S' AND flg_admite_meio_eletronico = 'S' AND flg_admite_peticionador_web = 'S'));
Insert into DISTRIBUICAO.TIPO_PECA (SEQ_TIPO_DOCUMENTO,NOM_TIPO_DOCUMENTO) values (98,'Movimento Processual');
Insert into DISTRIBUICAO.TIPO_PECA (SEQ_TIPO_DOCUMENTO,NOM_TIPO_DOCUMENTO) values (99,'Manifestação da AGU');
Insert into DISTRIBUICAO.TIPO_PECA (SEQ_TIPO_DOCUMENTO,NOM_TIPO_DOCUMENTO) values (100,'Informação');
Insert into DISTRIBUICAO.TIPO_PECA (SEQ_TIPO_DOCUMENTO,NOM_TIPO_DOCUMENTO) values (101,'Petição inicial');
Insert into DISTRIBUICAO.TIPO_PECA (SEQ_TIPO_DOCUMENTO,NOM_TIPO_DOCUMENTO) values (1325,'Queixa / Denúncia');
Insert into DISTRIBUICAO.TIPO_PECA (SEQ_TIPO_DOCUMENTO,NOM_TIPO_DOCUMENTO) values (1408,'Resposta à acusação');
Insert into DISTRIBUICAO.TIPO_PECA (SEQ_TIPO_DOCUMENTO,NOM_TIPO_DOCUMENTO) values (1409,'Resposta do réu');
Insert into DISTRIBUICAO.TIPO_PECA (SEQ_TIPO_DOCUMENTO,NOM_TIPO_DOCUMENTO) values (102,'Manifestação da Comissão de Jurisprudência');
Insert into DISTRIBUICAO.TIPO_PECA (SEQ_TIPO_DOCUMENTO,NOM_TIPO_DOCUMENTO) values (103,'Manifestação');
Insert into DISTRIBUICAO.TIPO_PECA (SEQ_TIPO_DOCUMENTO,NOM_TIPO_DOCUMENTO) values (107,'Edital');
Insert into DISTRIBUICAO.TIPO_PECA (SEQ_TIPO_DOCUMENTO,NOM_TIPO_DOCUMENTO) values (109,'Alvará');
Insert into DISTRIBUICAO.TIPO_PECA (SEQ_TIPO_DOCUMENTO,NOM_TIPO_DOCUMENTO) values (1060,'Despacho');
Insert into DISTRIBUICAO.TIPO_PECA (SEQ_TIPO_DOCUMENTO,NOM_TIPO_DOCUMENTO) values (1068,'Manifestação sobre proposta de súmula vinculante');
Insert into DISTRIBUICAO.TIPO_PECA (SEQ_TIPO_DOCUMENTO,NOM_TIPO_DOCUMENTO) values (1221,'Inteiro teor do acórdão');
Insert into DISTRIBUICAO.TIPO_PECA (SEQ_TIPO_DOCUMENTO,NOM_TIPO_DOCUMENTO) values (1270,'Manifestação sobre a repercussão geral');
Insert into DISTRIBUICAO.TIPO_PECA (SEQ_TIPO_DOCUMENTO,NOM_TIPO_DOCUMENTO) values (1272,'Relatório');
Insert into DISTRIBUICAO.TIPO_PECA (SEQ_TIPO_DOCUMENTO,NOM_TIPO_DOCUMENTO) values (1273,'Extrato de ata');
Insert into DISTRIBUICAO.TIPO_PECA (SEQ_TIPO_DOCUMENTO,NOM_TIPO_DOCUMENTO) values (1274,'Documento comprobatório');
Insert into DISTRIBUICAO.TIPO_PECA (SEQ_TIPO_DOCUMENTO,NOM_TIPO_DOCUMENTO) values (1327,'Custas');
Insert into DISTRIBUICAO.TIPO_PECA (SEQ_TIPO_DOCUMENTO,NOM_TIPO_DOCUMENTO) values (1333,'Contestação');
Insert into DISTRIBUICAO.TIPO_PECA (SEQ_TIPO_DOCUMENTO,NOM_TIPO_DOCUMENTO) values (1337,'Cópia do ato normativo ou lei impugnada');
Insert into DISTRIBUICAO.TIPO_PECA (SEQ_TIPO_DOCUMENTO,NOM_TIPO_DOCUMENTO) values (1341,'Decisão rescindenda');
Insert into DISTRIBUICAO.TIPO_PECA (SEQ_TIPO_DOCUMENTO,NOM_TIPO_DOCUMENTO) values (1344,'Alegações finais');
Insert into DISTRIBUICAO.TIPO_PECA (SEQ_TIPO_DOCUMENTO,NOM_TIPO_DOCUMENTO) values (1346,'Ato coator');
Insert into DISTRIBUICAO.TIPO_PECA (SEQ_TIPO_DOCUMENTO,NOM_TIPO_DOCUMENTO) values (1349,'Decisão ou ato reclamado');
Insert into DISTRIBUICAO.TIPO_PECA (SEQ_TIPO_DOCUMENTO,NOM_TIPO_DOCUMENTO) values (1354,'Decisão impugnada');
Insert into DISTRIBUICAO.TIPO_PECA (SEQ_TIPO_DOCUMENTO,NOM_TIPO_DOCUMENTO) values (1277,'Recibo de petição eletrônica');
Insert into DISTRIBUICAO.TIPO_PECA (SEQ_TIPO_DOCUMENTO,NOM_TIPO_DOCUMENTO) values (1280,'Comunicação assinada');
Insert into DISTRIBUICAO.TIPO_PECA (SEQ_TIPO_DOCUMENTO,NOM_TIPO_DOCUMENTO) values (1324,'Sentença');
Insert into DISTRIBUICAO.TIPO_PECA (SEQ_TIPO_DOCUMENTO,NOM_TIPO_DOCUMENTO) values (1411,'Recursos para segunda instância');
Insert into DISTRIBUICAO.TIPO_PECA (SEQ_TIPO_DOCUMENTO,NOM_TIPO_DOCUMENTO) values (1326,'Contrarrazões do recurso');
Insert into DISTRIBUICAO.TIPO_PECA (SEQ_TIPO_DOCUMENTO,NOM_TIPO_DOCUMENTO) values (1415,'Recursos para Tribunais Superiores');
Insert into DISTRIBUICAO.TIPO_PECA (SEQ_TIPO_DOCUMENTO,NOM_TIPO_DOCUMENTO) values (1416,'Certidão de não interposição de recurso a Tribunal Superior');
Insert into DISTRIBUICAO.TIPO_PECA (SEQ_TIPO_DOCUMENTO,NOM_TIPO_DOCUMENTO) values (1417,'Decisões Tribunais Superiores');
Insert into DISTRIBUICAO.TIPO_PECA (SEQ_TIPO_DOCUMENTO,NOM_TIPO_DOCUMENTO) values (1418,'Decisão monocrática Tribunal Superior');
Insert into DISTRIBUICAO.TIPO_PECA (SEQ_TIPO_DOCUMENTO,NOM_TIPO_DOCUMENTO) values (1419,'Acórdão Tribunal Superior');
Insert into DISTRIBUICAO.TIPO_PECA (SEQ_TIPO_DOCUMENTO,NOM_TIPO_DOCUMENTO) values (1430,'Decisão de admissibilidade do recurso extraordinário');
Insert into DISTRIBUICAO.TIPO_PECA (SEQ_TIPO_DOCUMENTO,NOM_TIPO_DOCUMENTO) values (1422,'Outras peças');
Insert into DISTRIBUICAO.TIPO_PECA (SEQ_TIPO_DOCUMENTO,NOM_TIPO_DOCUMENTO) values (1423,'Decisão interlocutória');
Insert into DISTRIBUICAO.TIPO_PECA (SEQ_TIPO_DOCUMENTO,NOM_TIPO_DOCUMENTO) values (1424,'Gratuidade de justiça');
Insert into DISTRIBUICAO.TIPO_PECA (SEQ_TIPO_DOCUMENTO,NOM_TIPO_DOCUMENTO) values (1425,'Mandado');
Insert into DISTRIBUICAO.TIPO_PECA (SEQ_TIPO_DOCUMENTO,NOM_TIPO_DOCUMENTO) values (1426,'Carta');
Insert into DISTRIBUICAO.TIPO_PECA (SEQ_TIPO_DOCUMENTO,NOM_TIPO_DOCUMENTO) values (1427,'Termo de Audiência');
Insert into DISTRIBUICAO.TIPO_PECA (SEQ_TIPO_DOCUMENTO,NOM_TIPO_DOCUMENTO) values (1428,'Fax');
Insert into DISTRIBUICAO.TIPO_PECA (SEQ_TIPO_DOCUMENTO,NOM_TIPO_DOCUMENTO) values (1429,'Íntegra da Movimentação Processual');
Insert into DISTRIBUICAO.TIPO_PECA (SEQ_TIPO_DOCUMENTO,NOM_TIPO_DOCUMENTO) values (1468,'Ato ordinatório');
Insert into DISTRIBUICAO.TIPO_PECA (SEQ_TIPO_DOCUMENTO,NOM_TIPO_DOCUMENTO) values (1469,'Carta de ordem');
Insert into DISTRIBUICAO.TIPO_PECA (SEQ_TIPO_DOCUMENTO,NOM_TIPO_DOCUMENTO) values (1470,'Precatório');
Insert into DISTRIBUICAO.TIPO_PECA (SEQ_TIPO_DOCUMENTO,NOM_TIPO_DOCUMENTO) values (1488,'Carta de Sentença');
Insert into DISTRIBUICAO.TIPO_PECA (SEQ_TIPO_DOCUMENTO,NOM_TIPO_DOCUMENTO) values (1489,'Acórdão Condenatório');
Insert into DISTRIBUICAO.TIPO_PECA (SEQ_TIPO_DOCUMENTO,NOM_TIPO_DOCUMENTO) values (1508,'Denúncia');
Insert into DISTRIBUICAO.TIPO_PECA (SEQ_TIPO_DOCUMENTO,NOM_TIPO_DOCUMENTO) values (1509,'Interrogatório');
Insert into DISTRIBUICAO.TIPO_PECA (SEQ_TIPO_DOCUMENTO,NOM_TIPO_DOCUMENTO) values (1,'Procurações e substabelecimentos');
Insert into DISTRIBUICAO.TIPO_PECA (SEQ_TIPO_DOCUMENTO,NOM_TIPO_DOCUMENTO) values (8,'Certidão de intimação/publicação do acórdão ou da decisão recorrida');
Insert into DISTRIBUICAO.TIPO_PECA (SEQ_TIPO_DOCUMENTO,NOM_TIPO_DOCUMENTO) values (1431,'Recurso Extraordinário');
Insert into DISTRIBUICAO.TIPO_PECA (SEQ_TIPO_DOCUMENTO,NOM_TIPO_DOCUMENTO) values (12,'Petição de recurso extraordinário');
Insert into DISTRIBUICAO.TIPO_PECA (SEQ_TIPO_DOCUMENTO,NOM_TIPO_DOCUMENTO) values (13,'Contrarrazões do recurso extraordinário');
Insert into DISTRIBUICAO.TIPO_PECA (SEQ_TIPO_DOCUMENTO,NOM_TIPO_DOCUMENTO) values (14,'Certidão de não apresentação de contrarrazões do recurso extraordinário');
Insert into DISTRIBUICAO.TIPO_PECA (SEQ_TIPO_DOCUMENTO,NOM_TIPO_DOCUMENTO) values (50,'Petição de agravo de instrumento');
Insert into DISTRIBUICAO.TIPO_PECA (SEQ_TIPO_DOCUMENTO,NOM_TIPO_DOCUMENTO) values (1420,'Petição de agravo (Lei 12.322/2010)');
Insert into DISTRIBUICAO.TIPO_PECA (SEQ_TIPO_DOCUMENTO,NOM_TIPO_DOCUMENTO) values (1421,'Comprovante de recolhimento do preparo');
Insert into DISTRIBUICAO.TIPO_PECA (SEQ_TIPO_DOCUMENTO,NOM_TIPO_DOCUMENTO) values (26,'Petição');
Insert into DISTRIBUICAO.TIPO_PECA (SEQ_TIPO_DOCUMENTO,NOM_TIPO_DOCUMENTO) values (31,'Voto');
Insert into DISTRIBUICAO.TIPO_PECA (SEQ_TIPO_DOCUMENTO,NOM_TIPO_DOCUMENTO) values (33,'RECURSO');
Insert into DISTRIBUICAO.TIPO_PECA (SEQ_TIPO_DOCUMENTO,NOM_TIPO_DOCUMENTO) values (46,'Certidão de julgamento');
Insert into DISTRIBUICAO.TIPO_PECA (SEQ_TIPO_DOCUMENTO,NOM_TIPO_DOCUMENTO) values (48,'Decisões primeiro grau');
Insert into DISTRIBUICAO.TIPO_PECA (SEQ_TIPO_DOCUMENTO,NOM_TIPO_DOCUMENTO) values (1410,'Pronúncia / impronúncia');
Insert into DISTRIBUICAO.TIPO_PECA (SEQ_TIPO_DOCUMENTO,NOM_TIPO_DOCUMENTO) values (49,'Decisões segundo grau');
Insert into DISTRIBUICAO.TIPO_PECA (SEQ_TIPO_DOCUMENTO,NOM_TIPO_DOCUMENTO) values (29,'Decisão de admissibilidade');
Insert into DISTRIBUICAO.TIPO_PECA (SEQ_TIPO_DOCUMENTO,NOM_TIPO_DOCUMENTO) values (1412,'Decisão monocrática segundo grau');
Insert into DISTRIBUICAO.TIPO_PECA (SEQ_TIPO_DOCUMENTO,NOM_TIPO_DOCUMENTO) values (1413,'Acórdão segundo grau');
Insert into DISTRIBUICAO.TIPO_PECA (SEQ_TIPO_DOCUMENTO,NOM_TIPO_DOCUMENTO) values (1414,'Decisão de admissibilidade do recurso para Tribunal Superior');
Insert into DISTRIBUICAO.TIPO_PECA (SEQ_TIPO_DOCUMENTO,NOM_TIPO_DOCUMENTO) values (60,'VOLUME');
Insert into DISTRIBUICAO.TIPO_PECA (SEQ_TIPO_DOCUMENTO,NOM_TIPO_DOCUMENTO) values (70,'Certidão de publicação');
Insert into DISTRIBUICAO.TIPO_PECA (SEQ_TIPO_DOCUMENTO,NOM_TIPO_DOCUMENTO) values (80,'Intimação');
Insert into DISTRIBUICAO.TIPO_PECA (SEQ_TIPO_DOCUMENTO,NOM_TIPO_DOCUMENTO) values (81,'Ofício');
Insert into DISTRIBUICAO.TIPO_PECA (SEQ_TIPO_DOCUMENTO,NOM_TIPO_DOCUMENTO) values (84,'Certidão de trânsito em julgado');
Insert into DISTRIBUICAO.TIPO_PECA (SEQ_TIPO_DOCUMENTO,NOM_TIPO_DOCUMENTO) values (86,'Termo de baixa');
Insert into DISTRIBUICAO.TIPO_PECA (SEQ_TIPO_DOCUMENTO,NOM_TIPO_DOCUMENTO) values (89,'Apenso');
Insert into DISTRIBUICAO.TIPO_PECA (SEQ_TIPO_DOCUMENTO,NOM_TIPO_DOCUMENTO) values (90,'Juntada por linha');
Insert into DISTRIBUICAO.TIPO_PECA (SEQ_TIPO_DOCUMENTO,NOM_TIPO_DOCUMENTO) values (91,'Manifestação da PGR');
Insert into DISTRIBUICAO.TIPO_PECA (SEQ_TIPO_DOCUMENTO,NOM_TIPO_DOCUMENTO) values (93,'Termo de remessa');
Insert into DISTRIBUICAO.TIPO_PECA (SEQ_TIPO_DOCUMENTO,NOM_TIPO_DOCUMENTO) values (95,'Certidão');
Insert into DISTRIBUICAO.TIPO_PECA (SEQ_TIPO_DOCUMENTO,NOM_TIPO_DOCUMENTO) values (97,'Aviso de recebimento');

-- Carga de processos distribuídos para testes
Insert into DISTRIBUICAO.PROCESSO (SEQ_PROCESSO,COD_MINISTRO) values ('5521','44');
Insert into DISTRIBUICAO.PROCESSO (SEQ_PROCESSO,COD_MINISTRO) values ('5564','30');
Insert into DISTRIBUICAO.PROCESSO (SEQ_PROCESSO,COD_MINISTRO) values ('5566','41');
Insert into DISTRIBUICAO.PROCESSO (SEQ_PROCESSO,COD_MINISTRO) values ('5569','42');
Insert into DISTRIBUICAO.PROCESSO (SEQ_PROCESSO,COD_MINISTRO) values ('5585','28');
Insert into DISTRIBUICAO.PROCESSO (SEQ_PROCESSO,COD_MINISTRO) values ('5632','46');
Insert into DISTRIBUICAO.PROCESSO (SEQ_PROCESSO,COD_MINISTRO) values ('5633','48');
Insert into DISTRIBUICAO.PROCESSO (SEQ_PROCESSO,COD_MINISTRO) values ('5699','36');
Insert into DISTRIBUICAO.PROCESSO (SEQ_PROCESSO,COD_MINISTRO) values ('5800','1');
Insert into DISTRIBUICAO.PROCESSO (SEQ_PROCESSO,COD_MINISTRO) values ('5969','47');
Insert into DISTRIBUICAO.PROCESSO (SEQ_PROCESSO,COD_MINISTRO) values ('5974','45');
Insert into DISTRIBUICAO.PROCESSO (SEQ_PROCESSO,COD_MINISTRO) values ('11733','49');
Insert into DISTRIBUICAO.PROCESSO (SEQ_PROCESSO,COD_MINISTRO) values ('4910139','41');
Insert into DISTRIBUICAO.PROCESSO (SEQ_PROCESSO,COD_MINISTRO) values ('4978151','45');
Insert into DISTRIBUICAO.PROCESSO (SEQ_PROCESSO,COD_MINISTRO) values ('4978683','49');
Insert into DISTRIBUICAO.PROCESSO (SEQ_PROCESSO,COD_MINISTRO) values ('4978823','44');
Insert into DISTRIBUICAO.PROCESSO (SEQ_PROCESSO,COD_MINISTRO) values ('4978898','28');
Insert into DISTRIBUICAO.PROCESSO (SEQ_PROCESSO,COD_MINISTRO) values ('4978982','47');
Insert into DISTRIBUICAO.PROCESSO (SEQ_PROCESSO,COD_MINISTRO) values ('4979070','30');
Insert into DISTRIBUICAO.PROCESSO (SEQ_PROCESSO,COD_MINISTRO) values ('4979087','46');
Insert into DISTRIBUICAO.PROCESSO (SEQ_PROCESSO,COD_MINISTRO) values ('4979093','36');
Insert into DISTRIBUICAO.PROCESSO (SEQ_PROCESSO,COD_MINISTRO) values ('4979126','42');
Insert into DISTRIBUICAO.PROCESSO (SEQ_PROCESSO,COD_MINISTRO) values ('4979133','48');
Insert into DISTRIBUICAO.PROCESSO (SEQ_PROCESSO,COD_MINISTRO) values ('4979163','1');